﻿<?xml version="1.0"?>
<doc>
<assembly>
<name>
LMS.Updater
</name>
</assembly>
<members>
<member name="T:LMS.Updater.Services.UpdateProcessor">
 <summary>
 Processes pending updates after the main application has closed
 </summary>
</member>
<member name="M:LMS.Updater.Services.UpdateProcessor.ProcessPendingUpdate(System.String)">
 <summary>
 Processes pending update if it exists
 </summary>
</member>
<member name="M:LMS.Updater.Services.UpdateProcessor.CopyDirectoryWithRetry(System.String,System.String,System.Boolean,System.Int32)">
 <summary>
 Копирует директорию с повторением при ошибках
 </summary>
</member>
<member name="M:LMS.Updater.Services.UpdateProcessor.CopyDirectorySafe(System.String,System.String,System.Boolean)">
 <summary>
 Безопасное копирование директории
 </summary>
</member>
<member name="M:LMS.Updater.Services.UpdateProcessor.ExtractMarkerValue(System.String,System.String)">
 <summary>
 Извлекает значение из файла пометки
 </summary>
</member>
<member name="M:LMS.Updater.Services.UpdateProcessor.RestartApplication(System.String)">
 <summary>
 Перезапускає основну програму LMS після успішного оновлення
 </summary>
</member>
<member name="T:LMS.Updater.Services.UpdaterLoggingService">
 <summary>
 Simple logging service for the updater
 </summary>
</member>
</members>
</doc>
