﻿<?xml version="1.0"?>
<doc>
<assembly>
<name>
LMS.Updater
</name>
</assembly>
<members>
<member name="T:LMS.Updater.Services.UpdateProcessor">
 <summary>
 Processes pending updates after the main application has closed
 </summary>
</member>
<member name="M:LMS.Updater.Services.UpdateProcessor.ProcessPendingUpdate">
 <summary>
 Processes pending update if it exists
 </summary>
</member>
<member name="M:LMS.Updater.Services.UpdateProcessor.CopyDirectoryWithRetry(System.String,System.String,System.Boolean,System.Int32)">
 <summary>
 Копіює директорію з повторенням при помилках
 </summary>
</member>
<member name="M:LMS.Updater.Services.UpdateProcessor.CopyDirectorySafe(System.String,System.String,System.Boolean)">
 <summary>
 Безпечне копіювання директорії
 </summary>
</member>
<member name="M:LMS.Updater.Services.UpdateProcessor.ExtractMarkerValue(System.String,System.String)">
 <summary>
 Витягує значення з файлу позначення
 </summary>
</member>
<member name="T:LMS.Updater.Services.UpdaterLoggingService">
 <summary>
 Simple logging service for the updater
 </summary>
</member>
</members>
</doc>
